sample_path,grade,subject,subject_code,section,paper,is_answer,expected_name,note
CHHS 2025 UEC J3/20251007 TRIAL J3 ART P1 ANS.pdf,J3,ART,JY08,,P1,Y,{DATE} TRIAL J3 ART P1 ANS.pdf,
CHHS 2025 UEC J3/20251007 TRIAL J3 ART P1.pdf,J3,ART,JY08,,P1,N,{DATE} TRIAL J3 ART P1.pdf,
CHHS 2025 UEC J3/20251007 TRIAL J3 ART P2.pdf,J3,ART,JY08,,P2,N,{DATE} TRIAL J3 ART P2.pdf,
CHHS 2025 UEC J3/20251007 TRIAL J3 BC P1 ANS.pdf,J3,BC,JY01,,P1,Y,{DATE} TRIAL J3 BC P1 ANS.pdf,
CHHS 2025 UEC J3/20251007 TRIAL J3 BC P1.pdf,J3,BC,JY01,,P1,N,{DATE} TRIAL J3 BC P1.pdf,
CHHS 2025 UEC J3/20251007 TRIAL J3 BC P2 ANS.pdf,J3,BC,JY01,,P2,Y,{DATE} TRIAL J3 BC P2 ANS.pdf,
CHHS 2025 UEC J3/20251007 TRIAL J3 BC P2.pdf,J3,BC,JY01,,P2,N,{DATE} TRIAL J3 BC P2.pdf,
CHHS 2025 UEC J3/20251007 TRIAL J3 BI P1 ANS.pdf,J3,BI,JY03,,P1,Y,{DATE} TRIAL J3 BI P1 ANS.pdf,
CHHS 2025 UEC J3/20251007 TRIAL J3 BI P1.pdf,J3,BI,JY03,,P1,N,{DATE} TRIAL J3 BI P1.pdf,
CHHS 2025 UEC J3/20251007 TRIAL J3 BI P2 ANS.pdf,J3,BI,JY03,,P2,Y,{DATE} TRIAL J3 BI P2 ANS.pdf,
CHHS 2025 UEC J3/20251007 TRIAL J3 BI P2.pdf,J3,BI,JY03,,P2,N,{DATE} TRIAL J3 BI P2.pdf,
CHHS 2025 UEC J3/20251007 TRIAL J3 BM K1 ANS.pdf,J3,BM,JY02,,K1,Y,{DATE} TRIAL J3 BM K1 ANS.pdf,
CHHS 2025 UEC J3/20251007 TRIAL J3 BM K1.pdf,J3,BM,JY02,,K1,N,{DATE} TRIAL J3 BM K1.pdf,
CHHS 2025 UEC J3/20251007 TRIAL J3 BM K2 ANS.pdf,J3,BM,JY02,,K2,Y,{DATE} TRIAL J3 BM K2 ANS.pdf,
CHHS 2025 UEC J3/20251007 TRIAL J3 BM K2.pdf,J3,BM,JY02,,K2,N,{DATE} TRIAL J3 BM K2.pdf,
CHHS 2025 UEC J3/20251007 TRIAL J3 MATHS P1 ANS.pdf,J3,MATHS,JC04,,P2,Y,{DATE} TRIAL J3 MATHS P2 ANS.pdf,内容是试卷二答案（档名P1/P2对调）
CHHS 2025 UEC J3/20251007 TRIAL J3 MATHS P1.pdf,J3,MATHS,JC04,,P1,N,{DATE} TRIAL J3 MATHS P1.pdf,
CHHS 2025 UEC J3/20251007 TRIAL J3 MATHS P2 ANS.pdf,J3,MATHS,JC04,,P1,Y,{DATE} TRIAL J3 MATHS P1 ANS.pdf,内容是试卷一答案（档名P1/P2对调）
CHHS 2025 UEC J3/20251007 TRIAL J3 MATHS P2.pdf,J3,MATHS,JC04,,P2,N,{DATE} TRIAL J3 MATHS P2.pdf,
CHHS 2025 UEC J3/20251007 TRIAL J3 UGEO P1&P2 ANS.pdf,J3,UGEO,JY07,,P1&P2,Y,{DATE} TRIAL J3 UGEO P1&P2 ANS.pdf,
CHHS 2025 UEC J3/20251007 TRIAL J3 UGEO P1.pdf,J3,UGEO,JY07,,P1,N,{DATE} TRIAL J3 UGEO P1.pdf,
CHHS 2025 UEC J3/20251007 TRIAL J3 UGEO P2.pdf,J3,UGEO,JY07,,P2,N,{DATE} TRIAL J3 UGEO P2.pdf,
CHHS 2025 UEC J3/20251007 TRIAL J3 UHIS P2 ANS.pdf,J3,UHIS,JY06,,P2,Y,{DATE} TRIAL J3 UHIS P2 ANS.pdf,
CHHS 2025 UEC J3/20251007 TRIAL J3 UHIS 乙部 P2.pdf,J3,UHIS,JY06,乙部,P2,N,{DATE} TRIAL J3 UHIS 乙部 P2.pdf,
CHHS 2025 UEC J3/20251007 TRIAL J3 UHIS 甲部 P2.pdf,J3,UHIS,JY06,甲部,P2,N,{DATE} TRIAL J3 UHIS 甲部 P2.pdf,
CHHS 2025 UEC J3/20251007 TRIAL J3 USCI P1 ANS.pdf,J3,USCI,JC05,,P1,Y,{DATE} TRIAL J3 USCI P1 ANS.pdf,
CHHS 2025 UEC J3/20251007 TRIAL J3 USCI P1.pdf,J3,USCI,JC05,,P1,N,{DATE} TRIAL J3 USCI P1.pdf,
CHHS 2025 UEC J3/20251007 TRIAL J3 USCI P2 ANS.pdf,J3,USCI,JC05,,P2,Y,{DATE} TRIAL J3 USCI P2 ANS.pdf,
CHHS 2025 UEC J3/20251007 TRIAL J3 USCI P2.pdf,J3,USCI,JC05,,P2,N,{DATE} TRIAL J3 USCI P2.pdf,
CHHS 2025 UEC S3/20251007 TRIAL S3 ADV MATHS P1 ANS.pdf,S3,ADV MATHS,SC05,,P1,Y,{DATE} TRIAL S3 ADV MATHS P1 ANS.pdf,
CHHS 2025 UEC S3/20251007 TRIAL S3 ADV MATHS P1.pdf,S3,ADV MATHS,SC05,,P1,N,{DATE} TRIAL S3 ADV MATHS P1.pdf,
CHHS 2025 UEC S3/20251007 TRIAL S3 ADV MATHS P2.pdf,S3,ADV MATHS,SC05,,P2,N,{DATE} TRIAL S3 ADV MATHS P2.pdf,
CHHS 2025 UEC S3/20251007 TRIAL S3 ADV MATHS Ⅰ P1 ANS.pdf,S3,ADV MATHS Ⅰ,SC06,,P1,Y,{DATE} TRIAL S3 ADV MATHS Ⅰ P1 ANS.pdf,
CHHS 2025 UEC S3/20251007 TRIAL S3 ADV MATHS Ⅰ P1.pdf,S3,ADV MATHS Ⅰ,SC06,,P1,N,{DATE} TRIAL S3 ADV MATHS Ⅰ P1.pdf,
CHHS 2025 UEC S3/20251007 TRIAL S3 ADV MATHS Ⅰ P2 ANS.pdf,S3,ADV MATHS Ⅰ,SC06,,P2,Y,{DATE} TRIAL S3 ADV MATHS Ⅰ P2 ANS.pdf,
CHHS 2025 UEC S3/20251007 TRIAL S3 ADV MATHS Ⅰ P2.pdf,S3,ADV MATHS Ⅰ,SC06,,P2,N,{DATE} TRIAL S3 ADV MATHS Ⅰ P2.pdf,
CHHS 2025 UEC S3/20251007 TRIAL S3 ADV MATHS Ⅱ P1 ANS.pdf,S3,ADV MATHS Ⅱ,SC07,,P1,Y,{DATE} TRIAL S3 ADV MATHS Ⅱ P1 ANS.pdf,
CHHS 2025 UEC S3/20251007 TRIAL S3 ADV MATHS Ⅱ P1.pdf,S3,ADV MATHS Ⅱ,SC07,,P1,N,{DATE} TRIAL S3 ADV MATHS Ⅱ P1.pdf,
CHHS 2025 UEC S3/20251007 TRIAL S3 ADV MATHS Ⅱ P2 ANS.pdf,S3,ADV MATHS Ⅱ,SC07,,P2,Y,{DATE} TRIAL S3 ADV MATHS Ⅱ P2 ANS.pdf,
CHHS 2025 UEC S3/20251007 TRIAL S3 ADV MATHS Ⅱ P2.pdf,S3,ADV MATHS Ⅱ,SC07,,P2,N,{DATE} TRIAL S3 ADV MATHS Ⅱ P2.pdf,
CHHS 2025 UEC S3/20251007 TRIAL S3 ADV MATS P2 ANS.pdf,S3,ADV MATHS,SC05,,P2,Y,{DATE} TRIAL S3 ADV MATHS P2 ANS.pdf,档名错字 MATS→MATHS
CHHS 2025 UEC S3/20251007 TRIAL S3 ART P1 ANS.pdf,S3,ART,SY19,,P1,Y,{DATE} TRIAL S3 ART P1 ANS.pdf,
CHHS 2025 UEC S3/20251007 TRIAL S3 ART P1.pdf,S3,ART,SY19,,P1,N,{DATE} TRIAL S3 ART P1.pdf,
CHHS 2025 UEC S3/20251007 TRIAL S3 ART 丙组 P2.pdf,S3,ART,SY19,丙组,P2,N,{DATE} TRIAL S3 ART 丙组 P2.pdf,
CHHS 2025 UEC S3/20251007 TRIAL S3 ART 乙组 P2.pdf,S3,ART,SY19,乙组,P2,N,{DATE} TRIAL S3 ART 乙组 P2.pdf,
CHHS 2025 UEC S3/20251007 TRIAL S3 BC P1 ANS.pdf,S3,BC,SY01,,P1,Y,{DATE} TRIAL S3 BC P1 ANS.pdf,
CHHS 2025 UEC S3/20251007 TRIAL S3 BC P1.pdf,S3,BC,SY01,,P1,N,{DATE} TRIAL S3 BC P1.pdf,
CHHS 2025 UEC S3/20251007 TRIAL S3 BC P2 ANS.pdf,S3,BC,SY01,,P2,Y,{DATE} TRIAL S3 BC P2 ANS.pdf,
CHHS 2025 UEC S3/20251007 TRIAL S3 BC P2.pdf,S3,BC,SY01,,P2,N,{DATE} TRIAL S3 BC P2.pdf,
CHHS 2025 UEC S3/20251007 TRIAL S3 BI P1 ANS.pdf,S3,BI,SY03,,P1,Y,{DATE} TRIAL S3 BI P1 ANS.pdf,
CHHS 2025 UEC S3/20251007 TRIAL S3 BI P1.pdf,S3,BI,SY03,,P1,N,{DATE} TRIAL S3 BI P1.pdf,
CHHS 2025 UEC S3/20251007 TRIAL S3 BI P2 ANS.pdf,S3,BI,SY03,,P2,Y,{DATE} TRIAL S3 BI P2 ANS.pdf,
CHHS 2025 UEC S3/20251007 TRIAL S3 BI P2.pdf,S3,BI,SY03,,P2,N,{DATE} TRIAL S3 BI P2.pdf,
CHHS 2025 UEC S3/20251007 TRIAL S3 BM K1 ANS.pdf,S3,BM,SY02,,K1,Y,{DATE} TRIAL S3 BM K1 ANS.pdf,
CHHS 2025 UEC S3/20251007 TRIAL S3 BM K1.pdf,S3,BM,SY02,,K1,N,{DATE} TRIAL S3 BM K1.pdf,
CHHS 2025 UEC S3/20251007 TRIAL S3 BM K2 ANS.pdf,S3,BM,SY02,,K2,Y,{DATE} TRIAL S3 BM K2 ANS.pdf,
CHHS 2025 UEC S3/20251007 TRIAL S3 BM K2.pdf,S3,BM,SY02,,K2,N,{DATE} TRIAL S3 BM K2.pdf,
CHHS 2025 UEC S3/20251007 TRIAL S3 COMPUTING & IT P1 ANS.pdf,S3,COMPUTING & IT,SY18,,P1,Y,{DATE} TRIAL S3 COMPUTING & IT P1 ANS.pdf,
CHHS 2025 UEC S3/20251007 TRIAL S3 COMPUTING & IT P1.pdf,S3,COMPUTING & IT,SY18,,P1,N,{DATE} TRIAL S3 COMPUTING & IT P1.pdf,
CHHS 2025 UEC S3/20251007 TRIAL S3 COMPUTING & IT P2 ANS.pdf,S3,COMPUTING & IT,SY18,,P2,Y,{DATE} TRIAL S3 COMPUTING & IT P2 ANS.pdf,
CHHS 2025 UEC S3/20251007 TRIAL S3 COMPUTING & IT P2.pdf,S3,COMPUTING & IT,SY18,,P2,N,{DATE} TRIAL S3 COMPUTING & IT P2.pdf,
CHHS 2025 UEC S3/20251007 TRIAL S3 MATHS P1&P2 ANS.pdf,S3,MATHS,SC04,,P1&P2,Y,{DATE} TRIAL S3 MATHS P1&P2 ANS.pdf,
CHHS 2025 UEC S3/20251007 TRIAL S3 MATHS P1.pdf,S3,MATHS,SC04,,P1,N,{DATE} TRIAL S3 MATHS P1.pdf,
CHHS 2025 UEC S3/20251007 TRIAL S3 MATHS P2.pdf,S3,MATHS,SC04,,P2,N,{DATE} TRIAL S3 MATHS P2.pdf,
CHHS 2025 UEC S3/20251007 TRIAL S3 UBIO P1 ANS.pdf,S3,UBIO,SC10,,P1,Y,{DATE} TRIAL S3 UBIO P1 ANS.pdf,
CHHS 2025 UEC S3/20251007 TRIAL S3 UBIO P1.pdf,S3,UBIO,SC10,,P1,N,{DATE} TRIAL S3 UBIO P1.pdf,
CHHS 2025 UEC S3/20251007 TRIAL S3 UBIO P2 ANS.pdf,S3,UBIO,SC10,,P2,Y,{DATE} TRIAL S3 UBIO P2 ANS.pdf,
CHHS 2025 UEC S3/20251007 TRIAL S3 UBIO P2.pdf,S3,UBIO,SC10,,P2,N,{DATE} TRIAL S3 UBIO P2.pdf,
CHHS 2025 UEC S3/20251007 TRIAL S3 UBK P1 ANS.pdf,S3,UBK,SE15,,P1,Y,{DATE} TRIAL S3 UBK P1 ANS.pdf,
CHHS 2025 UEC S3/20251007 TRIAL S3 UBK P1.pdf,S3,UBK,SE15,,P1,N,{DATE} TRIAL S3 UBK P1.pdf,
CHHS 2025 UEC S3/20251007 TRIAL S3 UBK P2.pdf,S3,UBK,SE15,,P2,N,{DATE} TRIAL S3 UBK P2.pdf,
CHHS 2025 UEC S3/20251007 TRIAL S3 UBS P1&P2 ANS.pdf,S3,UBS,SC14,,P1&P2,Y,{DATE} TRIAL S3 UBS P1&P2 ANS.pdf,
CHHS 2025 UEC S3/20251007 TRIAL S3 UBS P1.pdf,S3,UBS,SC14,,P1,N,{DATE} TRIAL S3 UBS P1.pdf,
CHHS 2025 UEC S3/20251007 TRIAL S3 UBS P2.pdf,S3,UBS,SC14,,P2,N,{DATE} TRIAL S3 UBS P2.pdf,
CHHS 2025 UEC S3/20251007 TRIAL S3 UCHEM P1 ANS.pdf,S3,UCHEM,SE11,,P1,Y,{DATE} TRIAL S3 UCHEM P1 ANS.pdf,
CHHS 2025 UEC S3/20251007 TRIAL S3 UCHEM P1.pdf,S3,UCHEM,SE11,,P1,N,{DATE} TRIAL S3 UCHEM P1.pdf,
CHHS 2025 UEC S3/20251007 TRIAL S3 UCHEM P2 ANS.pdf,S3,UCHEM,SE11,,P2,Y,{DATE} TRIAL S3 UCHEM P2 ANS.pdf,
CHHS 2025 UEC S3/20251007 TRIAL S3 UCHEM P2.pdf,S3,UCHEM,SE11,,P2,N,{DATE} TRIAL S3 UCHEM P2.pdf,
CHHS 2025 UEC S3/20251007 TRIAL S3 UECON P1&P2 ANS.pdf,S3,UECON,SY17,,P1&P2,Y,{DATE} TRIAL S3 UECON P1&P2 ANS.pdf,
CHHS 2025 UEC S3/20251007 TRIAL S3 UECON P1.pdf,S3,UECON,SY17,,P1,N,{DATE} TRIAL S3 UECON P1.pdf,
CHHS 2025 UEC S3/20251007 TRIAL S3 UECON P2.pdf,S3,UECON,SY17,,P2,N,{DATE} TRIAL S3 UECON P2.pdf,
CHHS 2025 UEC S3/20251007 TRIAL S3 UGEO P1&P2 ANS.pdf,S3,UGEO,SY09,,P1&P2,Y,{DATE} TRIAL S3 UGEO P1&P2 ANS.pdf,
CHHS 2025 UEC S3/20251007 TRIAL S3 UGEO P1.pdf,S3,UGEO,SY09,,P1,N,{DATE} TRIAL S3 UGEO P1.pdf,
CHHS 2025 UEC S3/20251007 TRIAL S3 UGEO P2.pdf,S3,UGEO,SY09,,P2,N,{DATE} TRIAL S3 UGEO P2.pdf,
CHHS 2025 UEC S3/20251007 TRIAL S3 UHIS P1&P2 ANS.pdf,S3,UHIS,SY08,,P1&P2,Y,{DATE} TRIAL S3 UHIS P1&P2 ANS.pdf,
CHHS 2025 UEC S3/20251007 TRIAL S3 UHIS P1.pdf,S3,UHIS,SY08,,P1,N,{DATE} TRIAL S3 UHIS P1.pdf,
CHHS 2025 UEC S3/20251007 TRIAL S3 UHIS P2.pdf,S3,UHIS,SY08,,P2,N,{DATE} TRIAL S3 UHIS P2.pdf,
CHHS 2025 UEC S3/20251007 TRIAL S3 UPHY P1&P2 ANS.pdf,S3,UPHY,SE12,,P1&P2,Y,{DATE} TRIAL S3 UPHY P1&P2 ANS.pdf,
CHHS 2025 UEC S3/20251007 TRIAL S3 UPHY P1.pdf,S3,UPHY,SE12,,P1,N,{DATE} TRIAL S3 UPHY P1.pdf,
CHHS 2025 UEC S3/20251007 TRIAL S3 UPHY P2.pdf,S3,UPHY,SE12,,P2,N,{DATE} TRIAL S3 UPHY P2.pdf,
